Date,Date,Open,High,Low,Close,Volume,Daily_Returns,Middle_Band,Upper_Band,Lower_Band,Log_Returns,SpreadOC,SpreadLH,MACD,Signal_Line_MACD,RSI,SMI,upper_barrier,lower_barrier,t1,touch_upper,touch_lower,label
2023-11-27 02:00:00,2023-11-27 02:00:00,7.78924,7.79072,7.7888,7.79064,667.0,,,,,,0.9998202971771254,0.9998100303951368,0.0,0.0,,,,,2023-11-29 02:00:00,,,0.0
2023-11-27 07:00:00,2023-11-27 07:00:00,7.79008,7.79024,7.78979,7.78988,483.0,-9.755296098901134e-05,,,,,1.0000256743364466,0.9999794614800057,-6.062678062690452e-05,-1.2125356125380904e-05,,,,,2023-11-29 07:00:00,,,0.0
2023-11-27 15:00:00,2023-11-27 15:00:00,7.79146,7.7919,7.79072,7.7909,221.0,0.0001309391158785811,,,,,1.0000718787303136,0.9999435311028119,-2.606797022774998e-05,-1.491387894585472e-05,,,,,2023-11-29 15:00:00,,,0.0
2023-11-27 19:00:00,2023-11-27 19:00:00,7.78983,7.79288,7.78976,7.7916,1133.0,8.984841289194634e-05,,,,,0.999772832280918,0.9996086170966318,5.7145547552650555e-05,-5.01993646153665e-07,,,,,2023-11-29 19:00:00,,,0.0
2023-11-27 22:00:00,2023-11-27 22:00:00,7.79344,7.79412,7.79328,7.79412,533.0,0.0003234252271677729,,,,,0.9999127547433193,0.9999127547433193,0.0003227157333043351,6.414155174394409e-05,,,,,2023-11-29 22:00:00,,,0.0
2023-11-28 02:00:00,2023-11-28 02:00:00,7.79526,7.79526,7.79442,7.79508,439.0,0.00012316977413728836,,,,,1.0000230914884773,1.0,0.00060368706706182,0.00017205065480751928,,,,,2023-11-30 02:00:00,,,0.0
2023-11-28 07:00:00,2023-11-28 07:00:00,7.79688,7.79692,7.79664,7.79668,360.0,0.00020525767535439776,,,,,1.0000256519441608,0.9999948697690882,0.000944577005851599,0.00032655592501633525,,,,,2023-11-30 07:00:00,,,0.0
2023-11-28 16:00:00,2023-11-28 16:00:00,7.79671,7.79671,7.79586,7.79586,87.0,-0.0001051729710594973,,,,,1.000109032229927,1.0,0.0011354785019879188,0.000488340440410652,,,,,2023-11-30 16:00:00,,,0.0
2023-11-28 20:00:00,2023-11-28 20:00:00,7.79814,7.79918,7.79629,7.79824,1160.0,0.00030529024379610803,,,,,0.999987176593693,0.9998666526480989,0.001461962825149321,0.0006830649173583859,,,,,2023-11-30 20:00:00,,,0.0
2023-11-29 00:00:00,2023-11-29 00:00:00,7.79693,7.79864,7.79644,7.79702,814.0,-0.0001564455569461609,,,,,0.9999884571284927,0.9997807309992511,0.0016037729036915138,0.0008672065146250116,,,,,2023-12-01 00:00:00,,,0.0
2023-11-29 03:00:00,2023-11-29 03:00:00,7.79998,7.80236,7.79921,7.80222,747.0,0.0006669214648673538,,,,,0.999712902225264,0.9996949640877888,0.0021114158666097893,0.0011160483850219671,,,,,2023-12-01 03:00:00,,,0.0
2023-11-29 09:00:00,2023-11-29 09:00:00,7.80286,7.80494,7.80278,7.80478,617.0,0.00032811174255531483,,,,,0.9997539969095861,0.999733502115327,0.00268929663964812,0.0014306980359471977,,,,,2023-12-01 09:00:00,,,0.0
2023-11-29 17:00:00,2023-11-29 17:00:00,7.80416,7.80498,7.80388,7.80406,2016.0,-9.225115890520996e-05,,,,,1.000012813843051,0.9998949388723611,0.0030539690784712192,0.001755352244452002,,,,,2023-12-01 17:00:00,,,0.0
2023-11-29 20:00:00,2023-11-29 20:00:00,7.81068,7.81094,7.80786,7.80918,1132.0,0.0006560687642074292,,,,,1.0001920816270082,0.9999667133533223,0.003713311085201454,0.0021469440126018926,,,,,2023-12-01 20:00:00,,,0.0
2023-11-30 00:00:00,2023-11-30 00:00:00,7.80962,7.80966,7.80664,7.80748,1163.0,-0.00021769251060921313,,,,,1.0002740961232048,0.9999948781381007,0.0040519601094466395,0.0025279472319708423,,,,,2023-12-02 00:00:00,,,0.0
2023-11-30 02:00:00,2023-11-30 02:00:00,7.8083,7.80924,7.80676,7.80892,1040.0,0.0001844385128106918,,,,,0.9999206036174016,0.9998796297719112,0.0043859790303297785,0.0028995535916426294,,,,,2023-12-02 02:00:00,,,0.0
2023-11-30 07:00:00,2023-11-30 07:00:00,7.81114,7.81146,7.80958,7.8114,588.0,0.000317585530393405,,,,,0.9999667153135161,0.9999590345466788,0.004795526856886667,0.003278748244691437,,,,,2023-12-02 07:00:00,,,0.0
2023-11-30 10:00:00,2023-11-30 10:00:00,7.80918,7.81036,7.8091,7.80964,1519.0,-0.00022531172389073095,,,,,0.9999410984373159,0.9998489186157872,0.004921348922059643,0.0036072683801650785,,,,,2023-12-02 10:00:00,,,0.0
2023-11-30 19:00:00,2023-11-30 19:00:00,7.81187,7.81428,7.8111,7.81231,1599.0,0.0003418851573184778,,,,,0.9999436786302642,0.9996915902680733,0.005176835167739924,0.003921181737680048,,,,,2023-12-02 19:00:00,,,0.0
2023-12-01 00:00:00,2023-12-01 00:00:00,7.81172,7.81174,7.80986,7.81075,763.0,-0.00019968485633581334,,,,,1.0001241878180713,0.9999974397509389,0.005193562737231261,0.004175657937590291,,,,,2023-12-03 00:00:00,,,0.0
2023-12-01 02:00:00,2023-12-01 02:00:00,7.81079,7.81274,7.81012,7.8126,1553.0,0.0002368530550842518,,,,,0.999768322965466,0.9997504076674765,0.005295060830283305,0.0043995385161288945,,,,,2023-12-03 02:00:00,,,0.0
2023-12-01 07:00:00,2023-12-01 07:00:00,7.81367,7.81372,7.81328,7.81338,316.0,9.983872206453803e-05,,,,,1.000037115819274,0.9999936009992679,0.005376461776916308,0.004594923168286377,,,,,2023-12-03 07:00:00,,,0.0
2023-12-01 12:00:00,2023-12-01 12:00:00,7.8127,7.81429,7.81246,7.81317,393.0,-2.687697257786059e-05,,,,,0.9999398451588791,0.999796526619821,0.0053622150909236055,0.004748381552813823,,,,,2023-12-03 12:00:00,,,0.0
2023-12-03 19:00:00,2023-12-03 19:00:00,7.81352,7.8157,7.81286,7.81488,1491.0,0.0002188612304607762,,,,,0.9998259730155805,0.9997210742479881,0.005426355549579043,0.004883976352166867,,,,,2023-12-05 19:00:00,,,0.0
2023-12-04 00:00:00,2023-12-04 00:00:00,7.8141,7.81439,7.81326,7.81382,662.0,-0.00013563867903276794,,,,,1.0000358339454967,0.9999628889778984,0.0053302108314357,0.004973223248020633,,,,,2023-12-06 00:00:00,,,0.0
2023-12-04 05:00:00,2023-12-04 05:00:00,7.81439,7.81579,7.81438,7.81578,463.0,0.0002508376184759964,,,,,0.9998221546665849,0.9998208754329377,0.005350493906036924,0.005048677379623891,,,,,2023-12-06 05:00:00,,,0.0
2023-12-04 09:00:00,2023-12-04 09:00:00,7.81546,7.81728,7.81546,7.81694,700.0,0.00014841768831774793,,,,,0.9998106676013888,0.9997671824470915,0.00539794652680925,0.005118531209060963,,,,,2023-12-06 09:00:00,,,0.0
2023-12-04 19:00:00,2023-12-04 19:00:00,7.81474,7.81689,7.81471,7.81647,880.0,-6.012582928871524e-05,,,,,0.9997786724697977,0.9997249545535373,0.005336116568420479,0.005162048280932866,,,,,2023-12-06 19:00:00,,,0.0
2023-12-04 22:00:00,2023-12-04 22:00:00,7.81475,7.81604,7.81474,7.81513,349.0,-0.00017143288466536788,,,,,0.9999513763686593,0.9998349547852877,0.0051199692612105,0.005153632476988393,,,,,2023-12-06 22:00:00,,,0.0
2023-12-05 02:00:00,2023-12-05 02:00:00,7.81728,7.81774,7.81572,7.8163,1084.0,0.000149709601759751,,,,,1.0001253790156468,0.9999411594655233,0.004985609185633066,0.0051200278187173275,,,,,2023-12-07 02:00:00,,,0.0
2023-12-05 07:00:00,2023-12-05 07:00:00,7.8178,7.81788,7.81714,7.81781,668.0,0.00019318603431295323,,,,,0.9999987208693996,0.999989767046821,0.004943981101511952,0.005084818475276252,,,,,2023-12-07 07:00:00,,,0.0
2023-12-05 15:00:00,2023-12-05 15:00:00,7.81979,7.81986,7.81944,7.81946,269.0,0.0002110565490847094,,,,,1.0000422024027233,0.9999910484330922,0.004986648772340452,0.005065184534689092,,,,,2023-12-07 15:00:00,,,0.0
2023-12-05 20:00:00,2023-12-05 20:00:00,7.81586,7.81649,7.81341,7.81376,898.0,-0.0007289505924961137,,,,,1.0002687566549266,0.9999194011634378,0.004508549098232173,0.004953857447397708,,,,,2023-12-07 20:00:00,,,0.0
2023-12-05 22:00:00,2023-12-05 22:00:00,7.81418,7.81498,7.81262,7.81271,593.0,-0.0001343783274633248,,,,,1.0001881549423952,0.9998976324955406,0.003998829420819305,0.004762851842082028,,,,,2023-12-07 22:00:00,,,0.0
2023-12-06 01:00:00,2023-12-06 01:00:00,7.81102,7.81262,7.81059,7.81097,997.0,-0.00022271401344731157,,,,,1.0000064012536214,0.9997952031456797,0.0034151022727515468,0.004493301928215932,,,,,2023-12-08 01:00:00,,,0.0
2023-12-06 05:00:00,2023-12-06 05:00:00,7.8089,7.80946,7.80888,7.80942,389.0,-0.00019843886226678098,,,,,0.9999334137490364,0.9999282920970209,0.002795200920016505,0.004153681726576047,,,,,2023-12-08 05:00:00,,,0.0
2023-12-06 09:00:00,2023-12-06 09:00:00,7.81098,7.81197,7.81048,7.81049,736.0,0.00013701401640586752,,,,,1.0000627361407544,0.999873271402732,0.002363025205822211,0.00379555042242528,,,,,2023-12-08 09:00:00,,,0.0
2023-12-06 18:00:00,2023-12-06 18:00:00,7.81086,7.8111,7.80828,7.80963,712.0,-0.00011010832867075493,,,,,1.0001574978584131,0.9999692744939893,0.0019288929487668582,0.003422218927693596,,,,,2023-12-08 18:00:00,,,0.0
2023-12-06 20:00:00,2023-12-06 20:00:00,7.81206,7.81401,7.81043,7.8127,1800.0,0.0003931044108362869,,,,,0.9999180820970982,0.9997504482333655,0.001811679437412117,0.0031001110296373004,,,,,2023-12-08 20:00:00,,,0.0
2023-12-07 00:00:00,2023-12-07 00:00:00,7.81238,7.81244,7.81054,7.81151,708.0,-0.00015231610070787216,,,,,1.0001113741133276,0.9999923199410172,0.0016042707953261015,0.002800942982775061,,,,,2023-12-09 00:00:00,,,0.0
2023-12-07 04:00:00,2023-12-07 04:00:00,7.81136,7.81304,7.81126,7.81293,349.0,0.00018178303554616804,,,,,0.9997990510602296,0.9997849748625375,0.0015367652119788744,0.002548107428615824,,,,,2023-12-09 04:00:00,,,0.0
2023-12-07 10:00:00,2023-12-07 10:00:00,7.81392,7.81396,7.81303,7.8132,390.0,3.455809792241027e-05,,,,,1.0000921517432038,0.9999948809566469,0.0014879016898463604,0.0023360662808619313,,,,,2023-12-09 10:00:00,,,0.0
2023-12-07 19:00:00,2023-12-07 19:00:00,7.81182,7.81552,7.81175,7.81488,989.0,0.0002150207341422572,,,,,0.9996084392850563,0.9995265830040739,0.0015666792529636098,0.002182188875282267,,,,,2023-12-09 19:00:00,,,0.0
2023-12-07 23:00:00,2023-12-07 23:00:00,7.81263,7.81277,7.80944,7.81199,459.0,-0.00036980734189129283,,,,,1.0000819253480868,0.9999820806192938,0.0013800043607847812,0.0020217519723827702,,,,,2023-12-09 23:00:00,,,0.0
2023-12-08 02:00:00,2023-12-08 02:00:00,7.8105,7.8108,7.80916,7.81,1012.0,-0.000254736629207164,,,,,1.0000640204865558,0.9999615916423413,0.0010592761192107503,0.0018292568017483663,,,,,2023-12-10 02:00:00,,,0.0
2023-12-08 04:00:00,2023-12-08 04:00:00,7.80908,7.81192,7.80758,7.81181,706.0,0.00023175416133169868,,,,,0.9996505291347331,0.9996364530102715,0.0009403092505229083,0.0016514672915032749,,,,,2023-12-10 04:00:00,,,0.0
2023-12-08 09:00:00,2023-12-08 09:00:00,7.81236,7.81244,7.80961,7.80984,838.0,-0.0002521822727383771,,,,,1.0003226698626349,0.9999897599213562,0.0006792348177846463,0.0014570207967595492,,,,,2023-12-10 09:00:00,,,0.0
2023-12-10 18:00:00,2023-12-10 18:00:00,7.80988,7.81167,7.80944,7.81166,779.0,0.00023303934523610792,7.808208333333333,7.824500870893267,7.791915795773399,,0.999772135500009,0.9997708556557048,0.0006121339395104286,0.0012880434253097252,62.795227660092706,192398.52216748992,,,2023-12-12 18:00:00,,,0.0
2023-12-10 22:00:00,2023-12-10 22:00:00,7.80941,7.80993,7.80866,7.8091,673.0,-0.0003277152359421054,7.808592916666666,7.8240409737411305,7.793144859592202,0.002366707216488387,1.0000396972762546,0.9999334180972173,0.00034836961676543154,0.0011001086636008666,60.897284533648396,192398.41712094733,7.811185834002337,7.807014165997663,2023-12-12 22:00:00,2023-12-13 01:00:00,2023-12-11 00:00:00,-1.0
2023-12-11 00:00:00,2023-12-11 00:00:00,7.80864,7.80867,7.80676,7.8079,1895.0,-0.00015366687582429872,7.8089683333333335,7.82340112951681,7.794535537149857,0.002310586252288418,1.0000947758039933,0.999996158116555,4.2020137501097565e-05,0.0008884909583809127,60.582569884895534,192398.16636252325,7.809991590105884,7.805808409894115,2023-12-13 00:00:00,2023-12-12 07:00:00,2023-12-11 08:00:00,1.0
2023-12-11 02:00:00,2023-12-11 02:00:00,7.80798,7.80802,7.80689,7.80742,1034.0,-6.147619718499531e-05,7.8093125,7.822737905893464,7.7958870941065355,0.002118177621264046,1.00007172663953,0.9999948770623026,-0.00023676672104055996,0.0006634394224966182,59.76359338061458,192397.7622658431,7.8095128258068085,7.805327174193191,2023-12-13 02:00:00,2023-12-12 07:00:00,2023-12-11 08:00:00,1.0
2023-12-11 08:00:00,2023-12-11 08:00:00,7.80608,7.80624,7.80474,7.80482,360.0,-0.0003330165406753016,7.809587916666666,7.82203575435522,7.797140078978112,0.0016952612415017168,1.0001614387007003,0.9999795035766259,-0.0006598986846153565,0.00039877180107422325,57.64161849711016,192397.11107817735,7.80695397662876,7.802686023371241,2023-12-13 08:00:00,2023-12-12 02:00:00,2023-12-15 13:00:00,1.0
2023-12-11 13:00:00,2023-12-11 13:00:00,7.8061,7.80618,7.80604,7.8061,209.0,0.0001640012197590135,7.8098375,7.821472245834711,7.79820275416529,0.001535876078027464,1.0,0.9999897517095429,-0.0008817838562515945,0.0001426606696090597,57.02556884822877,192385.61496990515,7.808213890154794,7.803986109845206,2023-12-13 13:00:00,2023-12-12 02:00:00,2023-12-15 13:00:00,1.0
2023-12-11 19:00:00,2023-12-11 19:00:00,7.80578,7.80652,7.80466,7.80487,580.0,-0.00015756908059072483,7.810041458333333,7.820939287115395,7.7991436295512715,0.0012551323927614717,1.0001165938702374,0.9999052074419844,-0.0011436963541857637,-0.00011461073514990497,55.72313808020624,192364.11153633357,7.806991514482306,7.802748485517695,2023-12-13 19:00:00,2023-12-12 02:00:00,2023-12-15 13:00:00,1.0
2023-12-12 00:00:00,2023-12-12 00:00:00,7.80515,7.8069,7.80487,7.80634,524.0,0.00018834394422961864,7.810242708333333,7.820468622631182,7.800016794035484,0.0012382219896174714,0.9998475598039543,0.9997758393216258,-0.001218599919756258,-0.0003354085720711756,55.655737704917826,192333.49516321515,7.808460148195,7.804219851805,2023-12-14 00:00:00,2023-12-12 02:00:00,2023-12-15 13:00:00,1.0
2023-12-12 02:00:00,2023-12-12 02:00:00,7.80734,7.80868,7.8073,7.80768,1134.0,0.000171655346807853,7.810488958333333,7.819831080047408,7.8011468366192585,0.0015150411074563931,0.999956453133325,0.9998283960925535,-0.0011565032840090694,-0.0004996275144587545,56.87849162011199,192294.59874056783,7.809801278147991,7.80555872185201,2023-12-14 02:00:00,2023-12-12 07:00:00,2023-12-13 19:00:00,1.0
2023-12-12 07:00:00,2023-12-12 07:00:00,7.80972,7.81042,7.80896,7.81035,612.0,0.0003419709824172834,7.81074125,7.81935796371923,7.802124536280771,0.0015517099789121845,0.9999193378017631,0.9999103761385432,-0.0008816810960707855,-0.0005760382307811607,57.02354715230261,192248.25510509068,7.812478536777059,7.808221463222941,2023-12-14 07:00:00,2023-12-13 01:00:00,2023-12-12 12:00:00,1.0
2023-12-12 12:00:00,2023-12-12 12:00:00,7.80934,7.80943,7.80709,7.80724,309.0,-0.00039818958177284536,7.810954166666666,7.818640690749909,7.803267642583423,0.0013098988944455112,1.0002689810995946,0.9999884754713212,-0.0009044080873321647,-0.0006417122020913616,55.80022701475634,192195.01363159792,7.809412477800629,7.805067522199371,2023-12-14 12:00:00,2023-12-12 18:00:00,2023-12-15 13:00:00,1.0
2023-12-12 18:00:00,2023-12-12 18:00:00,7.80929,7.80954,7.80652,7.80854,525.0,0.00016651210927287607,7.811085833333333,7.818367004426109,7.803804662240558,0.000809697970539345,1.0000960486851576,0.9999679878712446,-0.0008082037860432933,-0.0006750105188817479,53.7529691211401,192135.5661819458,7.810591559001628,7.806488440998371,2023-12-14 18:00:00,2023-12-12 22:00:00,2023-12-13 19:00:00,1.0
2023-12-12 22:00:00,2023-12-12 22:00:00,7.80909,7.81074,7.80909,7.81044,403.0,0.00024332333573240383,7.811203750000001,7.818247188020523,7.804160311979478,0.0007249337822808889,0.9998271544240787,0.999788752410143,-0.0005720527945936027,-0.0006544189740241189,53.38759875508739,192070.58343068746,7.81247754321092,7.80840245678908,2023-12-14 22:00:00,2023-12-13 01:00:00,2023-12-13 19:00:00,1.0
2023-12-13 01:00:00,2023-12-13 01:00:00,7.81253,7.8133,7.81134,7.81186,705.0,0.00018180793911737325,7.811366249999999,7.818089013647773,7.804643486352225,0.0009989806106429932,1.0000857670260348,0.9999014500915107,-0.00026723873810663434,-0.000576982926840622,54.62962962963008,192000.67260273284,7.813902585646778,7.8098174143532235,2023-12-15 01:00:00,2023-12-13 05:00:00,2023-12-13 19:00:00,1.0
2023-12-13 05:00:00,2023-12-13 05:00:00,7.81364,7.8146,7.8136,7.81413,611.0,0.0002905838046252107,7.811469375000001,7.818206985418312,7.804731764581689,0.000633668558792323,0.9999372930831713,0.9998771530212679,0.00015570377040141636,-0.00043044558739221435,53.04091411721356,191926.4342913821,7.816064235845691,7.812195764154308,2023-12-15 05:00:00,2023-12-26 19:00:00,2023-12-13 09:00:00,-1.0
2023-12-13 09:00:00,2023-12-13 09:00:00,7.81171,7.81367,7.81162,7.81338,772.0,-9.597997473798081e-05,7.811592291666667,7.818247355634687,7.804937227698646,0.0007554001867450502,0.9997862640752144,0.9997491575661629,0.0004254655218494108,-0.00025926336554388935,53.66732968672349,191848.3084805944,7.815299993727326,7.811460006272676,2023-12-15 09:00:00,2023-12-26 19:00:00,2023-12-13 15:00:00,-1.0
2023-12-13 15:00:00,2023-12-13 15:00:00,7.8113,7.81166,7.81016,7.81048,248.0,-0.00037115819274124995,7.811624791666667,7.8182416714218865,7.805007911911447,0.00019975159163434833,1.0001049871454764,0.9999539150449457,0.0004006296801426501,-0.00012728475640658146,50.952380952381276,191766.6211648133,7.812437724126322,7.8085222758736785,2023-12-15 15:00:00,2023-12-22 01:00:00,2023-12-13 19:00:00,-1.0
2023-12-13 19:00:00,2023-12-13 19:00:00,7.80662,7.80846,7.80548,7.8072,1164.0,-0.00041994858190530504,7.811537291666667,7.81827626783688,7.804798315496455,-0.0005378203041549562,0.9999257096013936,0.9997643581448838,0.00011495339755018819,-7.883712561522753e-05,47.46070133010873,191681.6631300735,7.809180074846792,7.805219925153207,2023-12-15 19:00:00,2023-12-13 21:00:00,2023-12-15 08:00:00,1.0
2023-12-13 21:00:00,2023-12-13 21:00:00,7.80984,7.8099,7.80735,7.80848,939.0,0.00016395122451084987,7.811513125,7.818288119268664,7.804738130731336,-0.0001485454077869513,1.00017416962072,0.9999923174432451,-8.068799895788459e-06,-6.468346047133972e-05,49.29457552906856,191593.88823515925,7.8104543822251715,7.806505617774828,2023-12-15 21:00:00,2023-12-21 21:00:00,2023-12-14 10:00:00,-1.0
2023-12-14 01:00:00,2023-12-14 01:00:00,7.80851,7.80969,7.80844,7.80946,790.0,0.00012550457963644845,7.811453749999999,7.818250135303342,7.804657364696657,-0.00036487543109646654,0.9998783526645889,0.9998489056543858,-2.6185122110611303e-05,-5.698379279919404e-05,48.23047311560871,191503.70683828238,7.811400346661519,7.80751965333848,2023-12-16 01:00:00,2023-12-21 21:00:00,2023-12-14 10:00:00,-1.0
2023-12-14 05:00:00,2023-12-14 05:00:00,7.80824,7.8084,7.80784,7.80798,360.0,-0.00018951374358788797,7.811396041666666,7.8182635064218085,7.804528576911523,-0.00035470233867186717,1.0000332992656231,0.9999795092464525,-0.00015814309396500192,-7.721565303235562e-05,48.2784338098197,191411.40291344674,7.809918705887448,7.806041294112552,2023-12-16 05:00:00,2023-12-21 07:00:00,2023-12-14 10:00:00,-1.0
2023-12-14 10:00:00,2023-12-14 10:00:00,7.80682,7.80898,7.80584,7.8089,754.0,0.00011782817066641194,7.8113189583333345,7.818214222498528,7.804423694168141,-0.0004737061190267965,0.9997336372600494,0.9997233953730192,-0.0001863364554575142,-9.903981351738734e-05,47.67354124748518,191317.3364607003,7.810824068217654,7.806975931782346,2023-12-16 10:00:00,2023-12-21 21:00:00,2023-12-14 19:00:00,-1.0
2023-12-14 19:00:00,2023-12-14 19:00:00,7.80622,7.80852,7.806,7.80773,1004.0,-0.00014982904122218255,7.81120125,7.818145511521941,7.804256988478059,-0.0007233801242519678,0.9998066019188675,0.9997054499444197,-0.0002996351124062713,-0.00013915887329516411,46.46477286947787,191221.75872643964,7.809655892205676,7.805804107794325,2023-12-16 19:00:00,2023-12-21 07:00:00,2023-12-15 02:00:00,-1.0
2023-12-14 22:00:00,2023-12-14 22:00:00,7.80747,7.8077,7.80696,7.8076,416.0,-1.665016592533597e-05,7.811085208333334,7.818081038081495,7.804089378585173,-0.0007131530950228501,0.9999833495568421,0.999970541900944,-0.000395357591640888,-0.0001903986169643089,46.511336590253784,191124.94463612733,7.8095258131008976,7.805674186899101,2023-12-16 22:00:00,2023-12-21 07:00:00,2023-12-15 02:00:00,-1.0
2023-12-15 02:00:00,2023-12-15 02:00:00,7.80528,7.80663,7.80527,7.8059,1047.0,-0.0002177365643730722,7.8108981250000005,7.817959377563531,7.80383687243647,-0.0011497506512787217,0.9999205728999858,0.9998270700673657,-0.0006014608720477099,-0.0002726110679809891,44.37484339764486,191027.08691444524,7.807819523656543,7.803980476343458,2023-12-17 02:00:00,2023-12-20 09:00:00,2023-12-15 13:00:00,-1.0
2023-12-15 08:00:00,2023-12-15 08:00:00,7.80542,7.80654,7.80514,7.80515,588.0,-9.60811693718755e-05,7.810717499999999,7.817915654018677,7.8035193459813215,-0.001110188557951506,1.0000345925446659,0.999856530550026,-0.0008159126060185429,-0.00038127137558849984,44.547855615645894,190928.40229589495,7.80706687061809,7.80323312938191,2023-12-17 08:00:00,2023-12-20 09:00:00,2023-12-15 13:00:00,-1.0
2023-12-15 13:00:00,2023-12-15 13:00:00,7.80322,7.80326,7.80104,7.80113,246.0,-0.0005150445539163773,7.810412291666666,7.817967071176336,7.802857512156996,-0.0018761719568544013,1.00026790990536,0.9999948739373031,-0.0012953159576367668,-0.0005640802919981533,41.019982836826586,190828.96185316704,7.803097481691299,7.7991625183087,2023-12-17 13:00:00,2023-12-17 18:00:00,2023-12-18 00:00:00,0.0
2023-12-17 18:00:00,2023-12-17 18:00:00,7.80311,7.80344,7.80166,7.80166,1290.0,6.793887552203337e-05,7.810093958333333,7.817811058151914,7.8023768585147515,-0.001956642064575586,1.0001858578815277,0.999957710958244,-0.0016138762364521497,-0.0007740394808889526,40.560909315542226,190729.01271504263,7.803619756536762,7.799700243463238,2023-12-19 18:00:00,2023-12-19 21:00:00,2023-12-18 00:00:00,-1.0
2023-12-17 21:00:00,2023-12-17 21:00:00,7.80094,7.80278,7.80094,7.80138,1069.0,-3.588979781221635e-05,7.809779583333333,7.817663261013127,7.80189590565354,-0.0019324048695231737,0.9999435997221005,0.9997641866104131,-0.0018674049308353702,-0.0009927125708782362,40.65634674922582,190628.75096623722,7.803339565628824,7.799420434371176,2023-12-19 21:00:00,2023-12-19 21:00:00,2023-12-18 00:00:00,-1.0
2023-12-18 00:00:00,2023-12-18 00:00:00,7.80182,7.80204,7.79892,7.7997,924.0,-0.0002153465156164991,7.809458125,7.817700730099713,7.801215519900287,-0.001976326994568033,1.000271805325846,0.999971802246592,-0.0021787746494448257,-0.0012299249865915542,40.485879886545405,190528.3019996063,7.801663569074025,7.7977364309259745,2023-12-20 00:00:00,2023-12-19 09:00:00,2023-12-18 02:00:00,1.0
2023-12-18 02:00:00,2023-12-18 02:00:00,7.79988,7.79996,7.7971,7.79932,1230.0,-4.871982255727492e-05,7.809104375,7.817601007530699,7.800607742469301,-0.0021747464003700656,1.0000718011313807,0.9999897435371464,-0.0024282093332628207,-0.0014695818559258076,39.42714819427103,190427.8330584705,7.801271178816751,7.797368821183248,2023-12-20 02:00:00,2023-12-19 09:00:00,2023-12-18 06:00:00,1.0
2023-12-18 06:00:00,2023-12-18 06:00:00,7.79989,7.80006,7.79736,7.79774,526.0,-0.00020258176353826762,7.808686250000001,7.817405191595929,7.799967308404073,-0.002570516062659362,1.0002757209140085,0.9999782052958567,-0.0027220033523995824,-0.0017200661552205627,37.51399776035822,190327.4504463196,7.799679015806224,7.795800984193775,2023-12-20 06:00:00,2023-12-19 03:00:00,2023-12-18 14:00:00,1.0
2023-12-18 14:00:00,2023-12-18 14:00:00,7.79619,7.79619,7.7944,7.79538,269.0,-0.00030265179398136777,7.808184583333333,7.817139015454353,7.7992301512123134,-0.0030842479447225645,1.0001039076991758,1.0,-0.00310942597876096,-0.0019979381199286424,35.150468672914826,190227.220882595,7.797313943966739,7.793446056033259,2023-12-20 14:00:00,2023-12-19 00:00:00,,1.0
2023-12-18 19:00:00,2023-12-18 19:00:00,7.79448,7.79474,7.79398,7.79446,870.0,-0.00011801862128590912,7.807782500000001,7.8174213200037075,7.798143679996294,-0.002473057124590041,1.000002565925029,0.9999666441728653,-0.003450917483985627,-0.0022885339927400396,37.35255570117887,190127.26261548884,7.796238139764027,7.792681860235973,2023-12-20 19:00:00,2023-12-19 00:00:00,,1.0
2023-12-19 00:00:00,2023-12-19 00:00:00,7.79566,7.79928,7.79524,7.79856,1044.0,0.0005260146309045144,7.807487708333333,7.817373259568695,7.797602157097971,-0.001812793433846333,0.9996281364764776,0.9995358545917058,-0.0033520755865534824,-0.002501242311502728,41.08380592312515,190027.88310868636,7.800451039542507,7.7966689604574935,2023-12-21 00:00:00,2023-12-19 03:00:00,,1.0
2023-12-19 03:00:00,2023-12-19 03:00:00,7.8004,7.80122,7.79994,7.80068,417.0,0.00027184505857480445,7.807273333333334,7.817295738305118,7.797250928361549,-0.0013182465005481417,0.9999641056933498,0.9998948882354298,-0.0030673182528202503,-0.0026144574997662325,43.546971027216394,189929.28573611958,7.802590801611041,7.798769198388959,2023-12-21 03:00:00,2023-12-19 21:00:00,2023-12-19 09:00:00,1.0
2023-12-19 09:00:00,2023-12-19 09:00:00,7.80098,7.80226,7.79808,7.79876,925.0,-0.0002461323884584976,7.80705125,7.817348005634458,7.796754494365541,-0.0013659506306912602,1.000284660638358,0.9998359449697908,-0.002962424977072331,-0.002684050995227452,43.345817727839616,189831.49605487892,7.800676600151848,7.79684339984815,2023-12-21 09:00:00,2023-12-19 21:00:00,,1.0
2023-12-19 18:00:00,2023-12-19 18:00:00,7.7996,7.80046,7.79816,7.79864,397.0,-1.538706153281222e-05,7.806804375,7.8173300113076465,7.796278738692353,-0.001518342441448867,1.0001230983863854,0.9998897500916613,-0.002856056456448819,-0.0027184520874717257,42.51421351863533,189734.60763156955,7.800547201792176,7.796732798207824,2023-12-21 18:00:00,2023-12-19 21:00:00,,1.0
2023-12-19 21:00:00,2023-12-19 21:00:00,7.80471,7.80475,7.80276,7.80436,742.0,0.0007334612188791834,7.806694583333333,7.817209752484112,7.796179414182554,-0.0006750356827584486,1.0000448467267016,0.9999948749159165,-0.0022838753481941865,-0.002631536739616218,46.863468634686086,189638.9366986259,7.806451431458434,7.802268568541566,2023-12-21 21:00:00,2023-12-20 09:00:00,,1.0
2023-12-20 01:00:00,2023-12-20 01:00:00,7.80372,7.80528,7.80342,7.80393,943.0,-5.509740709030986e-05,7.806511875000001,7.816904829779204,7.796118920220798,-0.0011231617733071888,0.9999730904813344,0.9998001352930325,-0.0018438602309212015,-0.002474001437877215,44.61103600835665,189544.5282261441,7.8059685247231805,7.80189147527682,2023-12-22 01:00:00,2023-12-20 09:00:00,,1.0
2023-12-20 05:00:00,2023-12-20 05:00:00,7.80563,7.8057,7.80546,7.80556,124.0,0.000208869121071098,7.806387916666666,7.81667877603432,7.796097057299012,-0.0007619867603709768,1.000008967966424,0.999991032194422,-0.0013480778999417353,-0.0022488167302901194,46.363525241412695,189451.50319687146,7.8076099157610965,7.803510084238904,2023-12-22 05:00:00,2023-12-20 09:00:00,,1.0
2023-12-20 09:00:00,2023-12-20 09:00:00,7.80598,7.80828,7.80541,7.80828,730.0,0.00034846955247291866,7.806291041666667,7.816416537810714,7.79616554552262,-0.0005953444243234701,0.9997054408909517,0.9997054408909517,-0.0007273016816542466,-0.001944513720562945,47.202502707255476,189360.0138501416,7.810359865193398,7.806200134806602,2023-12-22 09:00:00,2023-12-21 21:00:00,2023-12-20 14:00:00,1.0
2023-12-20 14:00:00,2023-12-20 14:00:00,7.80612,7.80888,7.80571,7.80888,1685.0,7.68415067082806e-05,7.806201041666667,7.816150945324563,7.796251138008771,-0.0005530633705775369,0.9996465562282939,0.9996465562282939,-0.0001847869615527742,-0.001592568368760911,47.411313518696076,189270.11360086326,7.810961807879059,7.806798192120943,2023-12-22 14:00:00,2023-12-21 21:00:00,2023-12-20 19:00:00,1.0
2023-12-20 19:00:00,2023-12-20 19:00:00,7.8049,7.80616,7.8036,7.8061,682.0,-0.0003560049584575564,7.8060181250000005,7.815633435181873,7.796402814818128,-0.0011241293343417316,0.9998462740677163,0.9998385890117548,2.059963637979223e-05,-0.0012699347677327705,44.80719186184059,189181.7148740184,7.808199856603451,7.804000143396548,2023-12-22 19:00:00,2023-12-21 02:00:00,,1.0
2023-12-20 22:00:00,2023-12-20 22:00:00,7.8049,7.8068,7.8047,7.80678,808.0,8.711136162742328e-05,7.805909583333334,7.815365813483478,7.796453353183191,-0.0006671460291995227,0.999759183683926,0.9997566224317261,0.0002355253226653531,-0.0009688427496531458,46.835904287622974,189094.87184057946,7.808845124529626,7.804714875470373,2023-12-22 22:00:00,2023-12-21 07:00:00,,1.0
2023-12-21 02:00:00,2023-12-21 02:00:00,7.80719,7.80875,7.80614,7.80804,1045.0,0.00016139816928362194,7.805868750000001,7.81526958982215,7.796467910177852,-0.0002509918031058151,0.9998911378527774,0.9998002241075717,0.0005017431643681292,-0.0006747255668488909,48.79901960784341,189009.65475419073,7.810095728945654,7.805984271054347,2023-12-23 02:00:00,2023-12-21 07:00:00,2024-01-03 05:00:00,1.0
2023-12-21 07:00:00,2023-12-21 07:00:00,7.81026,7.8103,7.80886,7.80926,575.0,0.00015624919954304595,7.805815625,7.815107498279514,7.796523751720486,-0.0003264821196820152,1.0001280531061842,0.999994878557802,0.0008019224629745025,-0.0003793959608842123,48.42612023206991,188938.39154518204,7.811306498747488,7.807213501252512,2023-12-23 07:00:00,2023-12-21 21:00:00,2024-01-03 05:00:00,1.0
2023-12-21 18:00:00,2023-12-21 18:00:00,7.80944,7.80971,7.80834,7.80898,597.0,-3.5854869731566374e-05,7.8057977083333325,7.815061154904446,7.796534261762219,-0.0001101235561802223,1.000058906540931,0.9999654276535237,0.0010056307742702941,-0.00010239061385331104,49.45789208270277,188880.07354450168,7.811007201650726,7.806952798349275,2023-12-23 18:00:00,2023-12-21 21:00:00,2024-01-03 05:00:00,1.0
2023-12-21 21:00:00,2023-12-21 21:00:00,7.81153,7.81174,7.81008,7.81047,653.0,0.00019080596953746642,7.805772916666666,7.814978459824062,7.79656737350927,-0.00015234798357227066,1.0001357152642543,0.9999731173848592,0.0012726315221600615,0.00017261381334936345,49.246740093682575,188833.8241660423,7.8124917776897655,7.808448222310234,2023-12-23 21:00:00,2023-12-22 01:00:00,2023-12-26 03:00:00,1.0
2023-12-22 01:00:00,2023-12-22 01:00:00,7.81303,7.81434,7.81302,7.81416,1103.0,0.0004724427595266256,7.805878333333333,7.815351516386728,7.796405150279939,0.0006477521563265324,0.9998553907265785,0.9998323594826948,0.0017616761933316738,0.0004904262893458256,53.15776335496777,188798.90753666015,7.816216963837414,7.812103036162587,2023-12-24 01:00:00,2023-12-26 19:00:00,2023-12-22 13:00:00,-1.0
2023-12-22 05:00:00,2023-12-22 05:00:00,7.8126,7.81476,7.81256,7.81342,381.0,-9.469987816990155e-05,7.805993333333333,7.815697966430267,7.7962887002364,0.0007067264776283648,0.9998950523586343,0.9997235999570044,0.0020657234292249527,0.0008054857173216511,53.46472508159665,188774.44506883674,7.815471611318775,7.811368388681224,2023-12-24 05:00:00,2023-12-26 19:00:00,2023-12-22 13:00:00,-1.0
2023-12-22 08:00:00,2023-12-22 08:00:00,7.81356,7.81522,7.81335,7.81446,650.0,0.0001331043256347364,7.80614,7.816140980377475,7.796139019622525,0.0009013000325920731,0.999884828894127,0.9997875939512899,0.0023633590308032026,0.0011170603800179616,54.387933183745226,188759.68441819435,7.816514227730652,7.812405772269349,2023-12-24 08:00:00,2023-12-26 19:00:00,2023-12-22 13:00:00,-1.0
2023-12-22 13:00:00,2023-12-22 13:00:00,7.81142,7.81146,7.81122,7.81124,231.0,-0.0004120566232344025,7.80627375,7.816373841952394,7.796173658047606,0.0008222304936959843,1.0000230437164905,0.9999948793183349,0.0023127503536253258,0.0013561983747394344,53.970806531419676,188753.7415704983,7.813312804385032,7.809167195614966,2023-12-24 13:00:00,2023-12-25 23:00:00,2023-12-26 03:00:00,0.0
2023-12-25 18:00:00,2023-12-25 18:00:00,7.80934,7.81061,7.80934,7.8105,715.0,-9.473527890568878e-05,7.806365416666666,7.816538669004074,7.796192164329258,0.0005635029540912026,0.9998514819793867,0.9998374006639686,0.0021877122122049286,0.0015225011422325334,52.73972602739747,188764.0610540933,7.812569338273646,7.808430661726355,2023-12-27 18:00:00,2023-12-25 23:00:00,2023-12-26 03:00:00,1.0
2023-12-25 23:00:00,2023-12-25 23:00:00,7.81104,7.81358,7.81104,7.81334,919.0,0.0003636130849498098,7.806541875000001,7.816901292264685,7.796182457735316,0.0010846314437262072,0.999705631650485,0.9996749249383765,0.002291369369642915,0.0016762747877146099,55.170308875595055,188789.4453176802,7.815437967613835,7.811242032386166,2023-12-27 23:00:00,2023-12-26 19:00:00,2023-12-26 03:00:00,1.0
2023-12-26 03:00:00,2023-12-26 03:00:00,7.81245,7.81246,7.80842,7.80988,569.0,-0.0004428323866618733,7.806615625,7.817019479364528,7.796211770635472,0.0004533747681112667,1.0003290703570349,0.9999987199934464,0.0020704583748196725,0.0017551115051356225,52.109654350417166,188828.50109018516,7.812032284782766,7.807727715217234,2023-12-28 03:00:00,2023-12-26 19:00:00,2024-01-03 05:00:00,1.0
2023-12-26 12:00:00,2023-12-26 12:00:00,7.80916,7.80939,7.8089,7.80916,159.0,-9.219091714585126e-05,7.806646458333334,7.817071948771991,7.796220967894676,0.0001895389854069001,1.0,0.9999705482758577,0.0018163490954012929,0.0017673590231887567,50.88856868395768,188880.0395964108,7.811306830773447,7.807013169226554,2023-12-28 12:00:00,2023-12-26 19:00:00,2024-01-03 05:00:00,1.0
2023-12-26 19:00:00,2023-12-26 19:00:00,7.81096,7.81804,7.81088,7.81696,1223.0,0.0009988270185268266,7.806784166666667,7.8175776247588935,7.79599070857444,0.0008459549844724963,0.9992324381856885,0.9990944021775279,0.0022187837158531565,0.0018576439617216368,53.73826490216046,188800.97334396528,7.819356792838514,7.814563207161486,2023-12-28 19:00:00,2024-01-10 01:00:00,2023-12-26 21:00:00,-1.0
2023-12-26 21:00:00,2023-12-26 21:00:00,7.81211,7.81234,7.80985,7.81101,886.0,-0.0007611654658589151,7.806862708333334,7.817724368203808,7.79600104846286,0.00048276856539251846,1.0001408268584984,0.9999705593970565,0.002034152336253925,0.0018929456366280945,52.065753424657146,188601.73483932044,7.81351903112896,7.808500968871039,2023-12-28 21:00:00,2023-12-27 18:00:00,2023-12-27 02:00:00,1.0
2023-12-27 00:00:00,2023-12-27 00:00:00,7.80984,7.81184,7.80855,7.81184,900.0,0.00010626026595805804,7.806931458333334,7.8178779323519265,7.795984984314741,0.00042252493845807234,0.9997439783712928,0.9997439783712928,0.0019325277244739425,0.0019008620541972642,51.817580964970354,188292.28576649103,7.814345338147248,7.809334661852752,2023-12-29 00:00:00,2023-12-28 01:00:00,2023-12-27 02:00:00,1.0
2023-12-27 02:00:00,2023-12-27 02:00:00,7.8124,7.8124,7.80793,7.81076,1917.0,-0.00013825167950187733,7.806938124999999,7.817893713999189,7.7959825360008095,4.096996390100656e-05,1.0002099667637976,1.0,0.0017447303480144782,0.001869635712960707,50.17785682525583,187881.92883169826,7.813255550878626,7.808264449121373,2023-12-29 02:00:00,2023-12-27 18:00:00,2023-12-29 15:00:00,1.0
2023-12-27 05:00:00,2023-12-27 05:00:00,7.80874,7.80958,7.80869,7.80904,743.0,-0.00022020904495845262,7.806879375,7.817757110532691,7.79600163946731,-0.00036105474468620336,0.9999615829858728,0.999892439798299,0.001440504707220569,0.0017838095118126796,48.4378462220254,187379.3755365126,7.811538326600949,7.806541673399051,2023-12-29 05:00:00,2023-12-27 18:00:00,2024-01-03 05:00:00,1.0
2023-12-27 07:00:00,2023-12-27 07:00:00,7.80929,7.80942,7.80906,7.80939,928.0,4.4819849815080914e-05,7.806780624999999,7.81747396705764,7.796087282942358,-0.0006067774925792552,0.9999871949025468,0.9999833534372591,0.0012136555048076758,0.001669778710411679,47.317183608784326,186792.8441839704,7.811865648752804,7.806914351247195,2023-12-29 07:00:00,2023-12-27 18:00:00,2024-01-03 05:00:00,1.0
2023-12-27 11:00:00,2023-12-27 11:00:00,7.80973,7.81008,7.80947,7.8098,354.0,5.2500899558216574e-05,7.806706041666666,7.817260386331877,7.796151697001455,-0.0004582933900345666,0.9999910369023535,0.999955186118452,0.001054800368959441,0.0015467830421212316,47.965909090908966,186130.0372363142,7.812274946262257,7.807325053737742,2023-12-29 11:00:00,2023-12-27 18:00:00,2024-01-03 05:00:00,1.0
2023-12-27 18:00:00,2023-12-27 18:00:00,7.80985,7.81356,7.8096,7.81146,402.0,0.000212553458475373,7.806726458333333,7.817314364312052,7.7961385523546145,0.000125464571146181,0.9997938925629779,0.9995251844229776,0.0010507423523371529,0.0014475749041644157,50.564776394652014,185398.19838192797,7.813912131826549,7.809007868173452,2023-12-29 18:00:00,2023-12-27 22:00:00,2023-12-29 15:00:00,1.0
2023-12-27 22:00:00,2023-12-27 22:00:00,7.81342,7.81428,7.81338,7.8142,296.0,0.00035076669406231,7.806872291666667,7.817677443502975,7.796067139830359,0.000896206545959407,0.9999001817204577,0.9998899450749141,0.0012541642213390602,0.0014088927675993447,54.05938297378767,184604.13306146668,7.81663443812028,7.811765561879718,2023-12-29 22:00:00,2023-12-28 18:00:00,2023-12-28 18:00:00,1.0
2023-12-28 01:00:00,2023-12-28 01:00:00,7.81272,7.81477,7.81248,7.8145,713.0,3.839164597785327e-05,7.806997708333334,7.818016724962884,7.795978691703785,0.0007706596690192766,0.999772218312112,0.9997376762207972,0.0014231794837042955,0.001411750110820335,53.53120600656927,183754.14743228504,7.816928912301711,7.812071087698287,2023-12-30 01:00:00,2023-12-28 18:00:00,2023-12-28 18:00:00,1.0
2023-12-28 03:00:00,2023-12-28 03:00:00,7.81245,7.81516,7.81244,7.81508,794.0,7.422099942422378e-05,7.807114791666667,7.818357841899861,7.795871741433473,0.0007193812096059091,0.9996634711352923,0.9996532380655035,0.0015856480854576915,0.0014465297057478063,53.312116925978415,182854.1432718935,7.81750677887481,7.812653221125191,2023-12-30 03:00:00,2023-12-28 18:00:00,2023-12-28 18:00:00,1.0
2023-12-28 09:00:00,2023-12-28 09:00:00,7.814,7.81493,7.81325,7.81326,360.0,-0.00023288309268754137,7.807224791666667,7.8186049042111385,7.795844679122196,0.0006760026990264981,1.0000947107865348,0.9998809970146885,0.0015496830516701365,0.0014671603749322724,53.099319088987855,181909.57596235027,7.8156914502017205,7.81082854979828,2023-12-30 09:00:00,2023-12-28 18:00:00,2023-12-29 04:00:00,1.0
2023-12-28 18:00:00,2023-12-28 18:00:00,7.81199,7.81779,7.81139,7.81565,721.0,0.00030589024299709777,7.807365416666666,7.818994197512983,7.79573663582035,0.0008640249376689716,0.9995317088150057,0.9992581023537342,0.0016945003835830974,0.0015126283766624374,53.894979803807914,180925.64023258674,7.818101788455952,7.813198211544049,2023-12-30 18:00:00,2024-01-09 21:00:00,2023-12-29 01:00:00,-1.0
2023-12-28 22:00:00,2023-12-28 22:00:00,7.81355,7.81413,7.81353,7.8141,199.0,-0.00019832003736097725,7.8074981249999995,7.819288173927949,7.79570807607205,0.0008155254990031793,0.9999296144149679,0.9999257754862027,0.0016650039868375544,0.001543103498697461,53.65965758933661,179907.086138507,7.816556221770576,7.811643778229424,2023-12-30 22:00:00,2024-01-09 15:00:00,2023-12-29 04:00:00,-1.0
2023-12-29 01:00:00,2023-12-29 01:00:00,7.81364,7.81467,7.81228,7.81288,1137.0,-0.00015612802498043976,7.807608125000001,7.81950013959679,7.7957161104032116,0.0006760355893147732,1.000097275268531,0.9998681966097098,0.0015255979325567992,0.0015396023854693287,52.99591466182466,178858.34950772196,7.815343348621603,7.8104166513783975,2023-12-31 01:00:00,2024-01-02 09:00:00,2023-12-29 04:00:00,-1.0
2023-12-29 04:00:00,2023-12-29 04:00:00,7.81111,7.81211,7.81014,7.81134,793.0,-0.0001971104125494394,7.807721458333333,7.8196506030403,7.795792313626366,0.0006966660203751791,0.9999705556280997,0.9998719936099211,0.001276141930683039,0.001486910294512071,53.092314688494746,177783.55402879033,7.8138004506715575,7.808879549328444,2023-12-31 04:00:00,2023-12-29 08:00:00,2023-12-29 15:00:00,1.0
2023-12-29 08:00:00,2023-12-29 08:00:00,7.81123,7.81472,7.81123,7.81432,575.0,0.0003814966446218371,7.8079125000000005,7.819966471888881,7.79585852811112,0.0011741756991176236,0.9996045721188791,0.9995534069038942,0.0013038770639077768,0.0014503036483912123,55.083712163210926,176686.64586376757,7.816812245430315,7.811827754569685,2023-12-31 08:00:00,2024-01-09 21:00:00,2023-12-29 12:00:00,-1.0
2023-12-29 12:00:00,2023-12-29 12:00:00,7.81054,7.81164,7.81051,7.81118,284.0,-0.00040182639052410707,7.808121875,7.820042978516143,7.796200771483858,0.001287445789658299,0.9999180661564577,0.9998591844990297,0.0010602635407783723,0.0013722956268686442,55.62646960026891,175571.14511490252,7.813642515952938,7.808717484047063,2023-12-31 12:00:00,2023-12-29 15:00:00,2023-12-29 15:00:00,1.0
2023-12-29 15:00:00,2023-12-29 15:00:00,7.80863,7.81426,7.80826,7.80853,2577.0,-0.0003392573209169969,7.808265,7.820033156818026,7.7964968431819734,0.0008801943401764043,1.000012806507755,0.9992795223092141,0.0006459194580887839,0.001227020393112672,53.75697254730397,174440.3331649117,7.811025416717692,7.806034583282309,2023-12-31 15:00:00,2024-01-01 19:00:00,2024-01-03 05:00:00,0.0
2024-01-01 19:00:00,2024-01-01 19:00:00,7.81432,7.81462,7.8109,7.81175,1571.0,0.0004123695497102453,7.808481041666667,7.820112815640579,7.796849267692755,0.001328369330797624,1.000328991583192,0.9999616104173972,0.0005707960946361723,0.0010957755334173721,55.494330825474115,173297.3958220349,7.81428466302596,7.809215336974039,2024-01-03 19:00:00,2024-01-02 02:00:00,2024-01-03 02:00:00,1.0
2024-01-01 23:00:00,2024-01-01 23:00:00,7.81264,7.81326,7.81183,7.8121,416.0,4.480430121289736e-05,7.808739374999999,7.820122603728117,7.7973561462718814,0.0015885423343345883,1.0000691235391252,0.9999206477193899,0.0005333541877181602,0.0009832912642775298,56.663800515907276,172145.21524204867,7.814619309413964,7.809580690586036,2024-01-03 23:00:00,2024-01-02 09:00:00,2024-01-03 02:00:00,1.0
2024-01-02 02:00:00,2024-01-02 02:00:00,7.81406,7.81445,7.81297,7.81445,759.0,0.00030081540174853316,7.809054583333334,7.8202078970921,7.797901269574568,0.0019380335096080188,0.9999500924569227,0.9999500924569227,0.0006854056374239192,0.0009237141389068078,57.96231975581512,170986.50665277278,7.816986101880384,7.811913898119617,2024-01-04 02:00:00,2024-01-09 21:00:00,2024-01-03 02:00:00,-1.0
2024-01-02 09:00:00,2024-01-02 09:00:00,7.81395,7.81583,7.81385,7.81566,572.0,0.00015484135159860024,7.8094279166666665,7.820228150673853,7.79862768265948,0.0022954651605175944,0.9997812084967872,0.9997594625266927,0.000893247592179236,0.0009176208295612935,59.46745562130168,169823.75158454344,7.818184006416087,7.813135993583913,2024-01-04 09:00:00,2024-01-09 21:00:00,2024-01-03 02:00:00,-1.0
2024-01-02 18:00:00,2024-01-02 18:00:00,7.81514,7.81524,7.81404,7.81414,454.0,-0.0001944813361891562,7.809818750000001,7.81987437031901,7.799763129680992,0.0024036625126595307,1.0001279731358794,0.9999872044876421,0.0009246537095277674,0.0009190274055545884,60.0,168659.17414521583,7.816646889610168,7.811633110389833,2024-01-04 18:00:00,2024-01-09 15:00:00,2024-01-03 02:00:00,-1.0
2024-01-02 22:00:00,2024-01-02 22:00:00,7.81425,7.81442,7.81402,7.81436,442.0,2.815408989342849e-05,7.810233333333333,7.819293832904678,7.801172833761988,0.0025498417922653733,0.9999859233513686,0.9999782453464237,0.0009562721352613934,0.0009264763514959495,60.687432867883714,167494.8655142032,7.816859632906904,7.811860367093097,2024-01-04 22:00:00,2024-01-09 21:00:00,2024-01-03 02:00:00,-1.0
2024-01-03 02:00:00,2024-01-03 02:00:00,7.81154,7.81193,7.80798,7.81054,1508.0,-0.0004888436161119003,7.810482916666666,7.8188643855455355,7.802101447787796,0.001535002319455185,1.0001280321206985,0.999950076357571,0.0006654173732547619,0.0008742645558477121,56.45335057099722,166332.65193643645,7.813051041307853,7.808028958692146,2024-01-05 02:00:00,2024-01-09 01:00:00,2024-01-03 05:00:00,-1.0
2024-01-03 05:00:00,2024-01-03 05:00:00,7.80542,7.80856,7.80536,7.80822,1134.0,-0.0002970345200202784,7.810639999999999,7.818539718282081,7.8027402817179174,0.0009661155605422227,0.9996414035465189,0.9995978772014302,0.0002448853816741092,0.0007483887210129916,54.052891851215044,165174.2462399212,7.810741646157663,7.805698353842339,2024-01-05 05:00:00,2024-01-04 18:00:00,2024-01-03 18:00:00,1.0
2024-01-03 09:00:00,2024-01-03 09:00:00,7.80797,7.80822,7.80742,7.80748,534.0,-9.47719198486352e-05,7.8108216666666666,7.817970731576017,7.803672601757316,0.0011175018335574532,1.0000627603272758,0.9999679824595106,-0.00014641330553732956,0.0005694283157029274,54.74738675958197,164021.25597776836,7.809986397952492,7.804973602047508,2024-01-05 09:00:00,2024-01-04 18:00:00,,1.0
2024-01-03 18:00:00,2024-01-03 18:00:00,7.80728,7.80808,7.80562,7.80652,710.0,-0.0001229590085405352,7.8109858333333335,7.817306013553413,7.804665653113254,0.0010099224448531262,1.000097354519043,0.9998975420333808,-0.0005278990199562017,0.0003499628485711016,54.25118687958567,162875.1458339936,7.809031170801318,7.804008829198681,2024-01-05 18:00:00,2024-01-03 21:00:00,,1.0
2024-01-03 21:00:00,2024-01-03 21:00:00,7.80833,7.80966,7.80831,7.80934,426.0,0.0003612365048701882,7.811089583333334,7.817122404145397,7.805056762521271,0.0006379013518731433,0.9998706676876663,0.9998296980918503,-0.0005958106307408784,0.00016080815270870562,52.773446201826516,161737.34290715033,7.811747994591546,7.806932005408453,2024-01-05 21:00:00,2024-01-07 18:00:00,2024-01-04 00:00:00,-1.0
2024-01-04 00:00:00,2024-01-04 00:00:00,7.8062,7.80814,7.8062,7.8076,910.0,-0.00022281012223823726,7.811166041666667,7.816914509347177,7.805417573986157,0.0004701653287800933,0.999820687535222,0.9997515413401911,-0.0007810312872731373,-2.7559735287662976e-05,52.01449116258622,160609.0365550153,7.810021021928395,7.805178978071604,2024-01-06 00:00:00,2024-01-04 18:00:00,,1.0
2024-01-04 03:00:00,2024-01-04 03:00:00,7.80762,7.80874,7.80747,7.80769,725.0,1.152722987862731e-05,7.811210416666667,7.816813136307698,7.8056076970256365,0.0002728451812678165,0.9999910344801087,0.9998565709704766,-0.0009100670576351888,-0.00020406119975716817,51.18927973199338,159491.34926212693,7.810100198422907,7.805279801577094,2024-01-06 03:00:00,2024-01-04 18:00:00,,1.0
2024-01-04 09:00:00,2024-01-04 09:00:00,7.80922,7.80972,7.80751,7.80763,549.0,-7.684731335388939e-06,7.811196875,7.816831579253232,7.805562170746769,-8.324843065508648e-05,1.00020364694536,0.9999359772181332,-0.0010055786491429686,-0.00036436468963432826,49.62596386235456,158385.2924493882,7.810007691026197,7.8052523089738015,2024-01-06 09:00:00,2024-01-04 18:00:00,,1.0
2024-01-04 18:00:00,2024-01-04 18:00:00,7.80895,7.81172,7.80877,7.81067,728.0,0.0003893627131408284,7.811234166666666,7.816829789322627,7.805638544010705,0.0002291999459442223,0.999779788417639,0.999645404597195,-0.0008264429598785483,-0.00045678034368317225,51.00190305608402,157291.85191338617,7.813087781150514,7.8082522188494865,2024-01-06 18:00:00,2024-01-09 01:00:00,2024-01-07 21:00:00,0.0
2024-01-04 21:00:00,2024-01-04 21:00:00,7.8105,7.8106,7.8098,7.81026,450.0,-5.249229579529224e-05,7.811320833333333,7.8167169151795335,7.805924751487133,0.0005327746156468729,1.0000307288105645,0.9999871968862828,-0.0007093828847013484,-0.0005073008518868074,52.39190432382737,156211.83054357884,7.812642823178955,7.807877176821047,2024-01-06 21:00:00,2024-01-09 01:00:00,2024-01-08 01:00:00,0.0
2024-01-05 01:00:00,2024-01-05 01:00:00,7.81006,7.81068,7.80908,7.80941,729.0,-0.00010883120408289315,7.811375625,7.816635031820782,7.806116218179218,0.0003368299213657268,1.0000832329202847,0.9999206215079866,-0.0006773912829549644,-0.0005413189381004389,51.509239068059145,155145.93407616857,7.811794693341992,7.807025306658009,2024-01-07 01:00:00,2024-01-09 01:00:00,2024-01-08 01:00:00,0.0
2024-01-05 05:00:00,2024-01-05 05:00:00,7.81162,7.81167,7.81088,7.81116,246.0,0.00022408863153566827,7.8114406249999995,7.816607938646301,7.8062733113536975,0.0003995083027936945,1.00005889010083,0.9999935993199917,-0.0005050059393312267,-0.0005340563383465965,51.78041543026703,154094.85087462008,7.813551532466582,7.808768467533419,2024-01-07 05:00:00,2024-01-09 01:00:00,2024-01-07 21:00:00,0.0
2024-01-05 09:00:00,2024-01-05 09:00:00,7.81005,7.81028,7.80886,7.81011,584.0,-0.0001344230562426718,7.811458333333333,7.816600885615201,7.806315781051466,0.0001088392170539669,0.9999923176498154,0.9999705516319518,-0.00044795182749712836,-0.0005168354361767029,50.48599199542583,153059.1221684707,7.812500331795267,7.807719668204733,2024-01-07 09:00:00,2024-01-09 01:00:00,2024-01-08 01:00:00,0.0
2024-01-07 18:00:00,2024-01-07 18:00:00,7.81152,7.81176,7.81005,7.81006,666.0,-6.401958487112225e-06,7.811480833333334,7.816588421069476,7.806373245597193,0.00013829275060717888,1.0001869383845963,0.999969277089926,-0.0004021350523846223,-0.0004938953594182869,50.61912405411599,152039.24440150821,7.812449936692049,7.807670063307951,2024-01-09 18:00:00,2024-01-09 01:00:00,2024-01-08 01:00:00,1.0
2024-01-07 21:00:00,2024-01-07 21:00:00,7.80856,7.80892,7.80824,7.80861,576.0,-0.00018565798470182582,7.811442083333334,7.816608879053535,7.806275287613132,-0.00023817023906561014,0.9999935968117245,0.9999538988746204,-0.0004773254986361053,-0.0004905813872618505,48.933241569167414,151035.61420668353,7.810998763481571,7.806221236518429,2024-01-09 21:00:00,2024-01-09 01:00:00,2024-01-08 04:00:00,1.0
2024-01-08 01:00:00,2024-01-08 01:00:00,7.80773,7.80878,7.80686,7.80855,954.0,-7.683825930526744e-06,7.811325208333333,7.816494650444208,7.806155766222457,-0.0007181852881006862,0.9998949869053794,0.9998655359736093,-0.0005355821103885106,-0.0004995815318871825,46.64272890484752,150048.6028954172,7.810874707192173,7.806225292807827,2024-01-10 01:00:00,2024-01-08 21:00:00,2024-01-08 04:00:00,1.0
2024-01-08 04:00:00,2024-01-08 04:00:00,7.80806,7.80818,7.80573,7.80671,497.0,-0.0002356391391488133,7.8111854166666665,7.816484720448059,7.805886112885274,-0.0008591478320270722,1.0001729281605183,0.9999846315018353,-0.0007219018818709344,-0.0005440456018839329,46.036621382161925,149078.48154693466,7.809045829317751,7.804374170682248,2024-01-10 04:00:00,2024-01-08 21:00:00,,1.0
2024-01-08 10:00:00,2024-01-08 10:00:00,7.8059,7.80706,7.80574,7.80664,471.0,-8.966645360208858e-06,7.8110225,7.816390923834627,7.805654076165373,-0.0010012099856277889,0.9999052088990911,0.9998514165383641,-0.0008652361543211029,-0.000608283712371367,45.327437858508304,148125.51403724455,7.808969379414107,7.804310620585893,2024-01-10 10:00:00,2024-01-08 21:00:00,,1.0
2024-01-08 15:00:00,2024-01-08 15:00:00,7.80642,7.80704,7.80592,7.8069,530.0,3.330498140052818e-05,7.810932083333333,7.816430168041765,7.805433998624902,-0.0005557640169327904,0.9999385159282174,0.9999205844980941,-0.0009469341039132217,-0.000676013790679738,47.31169474727453,147193.23621560345,7.809186113359896,7.804613886640103,2024-01-10 15:00:00,2024-01-08 21:00:00,,1.0
2024-01-08 21:00:00,2024-01-08 21:00:00,7.80978,7.81092,7.80978,7.81048,594.0,0.0004585687020457474,7.810931666666668,7.816429888171519,7.805433445161817,-2.56065880632298e-06,0.9999103768270324,0.9998540504831697,-0.0007145671515544905,-0.0006837244628546885,49.98803255145995,146281.63445411317,7.812825355182696,7.808134644817304,2024-01-10 21:00:00,2024-01-09 01:00:00,,1.0
2024-01-09 01:00:00,2024-01-09 01:00:00,7.81257,7.81412,7.8115,7.81376,1081.0,0.00041994858190541606,7.810940416666668,7.816455605686926,7.80542522764641,5.375277563992817e-05,0.9998477045622082,0.9998016411316949,-0.0002627176344471849,-0.0005995230971731878,50.25000000000004,145390.65441902675,7.816118510123388,7.811401489876612,2024-01-11 01:00:00,2024-01-09 15:00:00,,1.0
2024-01-09 08:00:00,2024-01-09 08:00:00,7.81506,7.81512,7.81484,7.81492,216.0,0.00014845605700708475,7.8110454166666665,7.816668974953154,7.805421858380179,0.0006451282800164136,1.0000179144508197,0.9999923225747013,0.0001868250656738013,-0.00044225346460379,53.08445532435747,144517.9355600937,7.817227983528952,7.812612016471046,2024-01-11 08:00:00,2024-01-09 21:00:00,,1.0
2024-01-09 15:00:00,2024-01-09 15:00:00,7.816,7.81666,7.8159,7.81656,427.0,0.00020985499531667173,7.811199583333333,7.817014470988294,7.805384695678372,0.00094715642584336,0.999928357231314,0.9999155649599701,0.0006677280351059522,-0.00022025716466184155,54.478334543693734,143663.51122943874,7.818875635076585,7.814244364923415,2024-01-11 15:00:00,2024-01-10 01:00:00,,1.0
2024-01-09 21:00:00,2024-01-09 21:00:00,7.81676,7.81872,7.81676,7.81857,501.0,0.0002571463661764639,7.811233125,7.817200329208332,7.805265920791668,0.00020594121282619914,0.9997684998663439,0.9997493195817219,0.0011972363099017613,6.324153025087903e-05,51.04776779903703,142850.90063180056,7.820613669698223,7.816526330301778,2024-01-11 21:00:00,2024-01-10 03:00:00,2024-01-10 19:00:00,1.0
2024-01-10 01:00:00,2024-01-10 01:00:00,7.82026,7.82036,7.81853,7.81932,898.0,9.592546974701577e-05,7.81140625,7.817813011886668,7.804999488113332,0.0010633173813952067,1.0001202150570638,0.9999872128648809,0.0016582785615524287,0.000382248936511189,55.80064218902731,142078.1342649964,7.821165564057426,7.817474435942574,2024-01-12 01:00:00,2024-01-12 07:00:00,2024-01-10 19:00:00,-1.0
2024-01-10 03:00:00,2024-01-10 03:00:00,7.81969,7.82104,7.81966,7.82101,2588.0,0.00021613132599762608,7.811597291666668,7.818578052753736,7.804616530579599,0.0011731707336467858,0.9998312238444906,0.9998273886848807,0.0021354110543096994,0.0007328813600708912,56.32501034625465,141343.35933046875,7.822866612001778,7.819153387998224,2024-01-12 03:00:00,2024-01-12 07:00:00,2024-01-10 19:00:00,-1.0
2024-01-10 06:00:00,2024-01-10 06:00:00,7.82037,7.82058,7.82016,7.82038,836.0,-8.055225603853522e-05,7.811797708333334,7.819218762040233,7.804376654626434,0.0012308764702473511,0.9999987212897582,0.9999731477716487,0.002434641228927781,0.0010732333338422692,56.67684619655733,140644.7447446151,7.822231016011768,7.818528983988232,2024-01-12 06:00:00,2024-01-12 07:00:00,2024-01-10 19:00:00,-1.0
2024-01-10 13:00:00,2024-01-10 13:00:00,7.81935,7.81998,7.81924,7.8194,251.0,-0.00012531360368683853,7.8120135416666665,7.819704654514889,7.804322428818444,0.0013257883086850752,0.9999936056474922,0.9999194371341104,0.0025631589870593885,0.001371218464485693,57.26507713884939,139980.53607974303,7.821237434146404,7.8175625658535965,2024-01-12 13:00:00,2024-01-12 07:00:00,2024-01-10 19:00:00,1.0
2024-01-10 19:00:00,2024-01-10 19:00:00,7.8172,7.81807,7.81604,7.81806,1026.0,-0.00017136864721079004,7.812194166666667,7.820039267952471,7.804349065380863,0.0011095861307543952,0.9998899982860198,0.9998887193386603,0.0025277451623804126,0.0016025238040646371,55.99668003873296,139349.052084762,7.819910639342507,7.816209360657492,2024-01-12 19:00:00,2024-01-12 02:00:00,2024-01-21 19:00:00,1.0
2024-01-10 22:00:00,2024-01-10 22:00:00,7.81694,7.8172,7.81658,7.81658,627.0,-0.00018930527522176277,7.8123354166666665,7.820248276072201,7.804422557261132,0.0008677634135932549,1.0000460559477418,0.9999667400092105,0.0023531303976058737,0.0017526451227728847,54.621046892039146,138748.6876232017,7.818445352414012,7.814714647585988,2024-01-12 22:00:00,2024-01-11 02:00:00,,1.0
2024-01-11 02:00:00,2024-01-11 02:00:00,7.81756,7.81868,7.81714,7.81762,727.0,0.00013305051569867388,7.81246375,7.820517171236788,7.804410328763212,0.0007882742066676244,0.9999923250298685,0.9998567533138587,0.002272470620102496,0.0018566102222388069,54.23425900467376,138177.98267060798,7.819476962485684,7.815763037514317,2024-01-13 02:00:00,2024-01-12 02:00:00,2024-01-25 06:00:00,1.0
2024-01-11 07:00:00,2024-01-11 07:00:00,7.8183,7.819,7.81796,7.81858,798.0,0.00012279952210514367,7.812555,7.820786082760147,7.804323917239852,0.000560360999721348,0.9999641878704317,0.9999104744852283,0.0022599597332257915,0.001937280124436204,53.08624577226617,137635.54236616736,7.8204012878198395,7.81675871218016,2024-01-13 07:00:00,2024-01-12 02:00:00,2024-01-11 21:00:00,1.0
2024-01-11 14:00:00,2024-01-11 14:00:00,7.81829,7.81901,7.81816,7.81888,172.0,3.837013882312945e-05,7.812646249999999,7.821060492864266,7.804232007135733,0.0005603394933920605,0.9999245416223296,0.9999079167311463,0.002248334853385714,0.001999491070226106,53.08624577226617,137120.01833695837,7.8207013572931094,7.8170586427068915,2024-01-13 14:00:00,2024-01-12 02:00:00,2024-01-11 21:00:00,1.0
2024-01-11 21:00:00,2024-01-11 21:00:00,7.81694,7.81897,7.81646,7.81834,963.0,-6.906359990177524e-05,7.812714166666667,7.821260252826578,7.804168080506756,0.000417055263308078,0.9998209338555243,0.9997403750110309,0.0021705280688566475,0.0020336984699522147,52.29836435420189,136630.10232690218,7.820162011957594,7.816517988042406,2024-01-13 21:00:00,2024-01-12 02:00:00,2024-01-21 19:00:00,1.0
2024-01-12 02:00:00,2024-01-12 02:00:00,7.81836,7.82078,7.81822,7.82078,660.0,0.00031208670894322665,7.812870833333332,7.82172785250756,7.804013814159105,0.0009620034974900847,0.9996905679484656,0.9996905679484656,0.002279476849423645,0.002082854145846501,55.25580095051737,136164.6291554436,7.822612364047611,7.818947635952389,2024-01-14 02:00:00,2024-01-12 07:00:00,2024-01-14 19:00:00,1.0
2024-01-12 07:00:00,2024-01-12 07:00:00,7.82239,7.82316,7.82175,7.8218,584.0,0.00013042177378719266,7.812998958333334,7.822191777213948,7.803806139452719,0.0007865732989819362,1.0000754302078807,0.9999015742998993,0.002420226157852312,0.0021503285482476634,54.382214621633025,135737.33664739932,7.823607514533933,7.819992485466066,2024-01-14 07:00:00,2024-01-15 23:00:00,2024-01-12 14:00:00,-1.0
2024-01-12 14:00:00,2024-01-12 14:00:00,7.81974,7.82219,7.81971,7.82187,755.0,8.949346697706417e-06,7.813160833333334,7.822699972714955,7.803621693951713,0.0009938623110144409,0.9997276866017973,0.9996867884825095,0.0025085029532556646,0.0022219634292492637,55.655845101179,135345.8855182052,7.823660544924514,7.8200794550754855,2024-01-14 14:00:00,2024-01-15 23:00:00,2024-01-14 19:00:00,0.0
2024-01-14 19:00:00,2024-01-14 19:00:00,7.82001,7.82004,7.81724,7.81926,1057.0,-0.0003336797977976369,7.81329375,7.822993350013696,7.803594149986304,0.0008162670439549206,1.000095917004934,0.9999961637024875,0.002340873628249085,0.0022457454690492282,54.55194063926939,134987.9857813119,7.821083668252014,7.817436331747985,2024-01-16 19:00:00,2024-01-15 04:00:00,2024-01-21 19:00:00,1.0
2024-01-15 00:00:00,2024-01-15 00:00:00,7.819,7.82,7.81844,7.81972,786.0,5.882909635945843e-05,7.813468333333334,7.823324675353289,7.803611991313378,0.001072224251311147,0.999907925091947,0.9998721227621483,0.002219558645657038,0.0022405081043707902,56.07246376811567,134661.56409205383,7.8215274826300565,7.817912517369943,2024-01-17 00:00:00,2024-01-15 12:00:00,2024-01-17 19:00:00,1.0
2024-01-15 04:00:00,2024-01-15 04:00:00,7.82126,7.8213,7.82098,7.82116,410.0,0.0001841498161059274,7.813610833333333,7.823712211232468,7.803509455434197,0.000874933220641579,1.0000127858271664,0.9999948857606792,0.0022140889738748726,0.0022352242782716068,55.06967091609796,134364.6890055796,7.822930125596495,7.819389874403504,2024-01-17 04:00:00,2024-01-15 12:00:00,2024-01-17 19:00:00,1.0
2024-01-15 12:00:00,2024-01-15 12:00:00,7.82215,7.82302,7.82208,7.82302,70.0,0.00023781638529318805,7.813857500000001,7.824289233500717,7.803425766499285,0.0015146284764823727,0.9998887897512725,0.9998887897512725,0.0023329479036888756,0.002254769003355061,58.945300695073456,134095.5465371085,7.824739513872693,7.821300486127307,2024-01-17 12:00:00,2024-01-16 05:00:00,2024-01-16 02:00:00,1.0
2024-01-15 19:00:00,2024-01-15 19:00:00,7.82252,7.82356,7.8218,7.82336,1029.0,4.3461476514350394e-05,7.814166458333333,7.824829502080338,7.803503414586329,0.0018974038902749434,0.9998926292539266,0.9998670681889064,0.0024266072030743047,0.0022891366432989096,61.60951933615122,133979.65060712764,7.825025566736819,7.821694433263181,2024-01-17 19:00:00,2024-01-16 05:00:00,2024-01-16 02:00:00,1.0
2024-01-15 23:00:00,2024-01-15 23:00:00,7.82396,7.8242,7.82236,7.82271,666.0,-8.308450589011862e-05,7.814394791666666,7.82531278851325,7.803476794820082,0.0014020313839214031,1.000159791172113,0.9999693259374759,0.0024204815008470604,0.00231540561480854,58.93964110929814,134004.9101717566,7.824324188379731,7.821095811620268,2024-01-17 23:00:00,2024-01-16 05:00:00,2024-01-16 02:00:00,1.0
2024-01-16 02:00:00,2024-01-16 02:00:00,7.82107,7.82245,7.82044,7.82104,1215.0,-0.0002134810059429837,7.814581041666667,7.825643182769561,7.803518900563773,0.0011437242901346648,1.0000038358070027,0.9998235846825483,0.002254878953507955,0.0023033002825484233,57.138294474608514,134159.91960435134,7.822676775713298,7.8194032242867015,2024-01-18 02:00:00,2024-01-16 05:00:00,2024-01-17 19:00:00,1.0
2024-01-16 05:00:00,2024-01-16 05:00:00,7.82343,7.8251,7.8232,7.82475,1034.0,0.00047436146599433293,7.8147956249999995,7.826240364314589,7.80335088568541,0.0013172031164290653,0.9998313045145213,0.999786584197007,0.002395391157690163,0.002321718457576771,58.049390434510556,134434.21341024013,7.826436779849555,7.823063220150445,2024-01-18 05:00:00,2024-01-16 07:00:00,2024-01-17 02:00:00,1.0
2024-01-16 07:00:00,2024-01-16 07:00:00,7.82558,7.82649,7.8245,7.82501,1544.0,3.32278986550083e-05,7.814990416666666,7.826807476788764,7.803173356544569,0.0011956010981355374,1.0000728433573887,0.9998837282102195,0.0024989219027595766,0.0023571591466133323,57.417102966840666,134817.8076506386,7.826690452275457,7.823329547724542,2024-01-18 07:00:00,2024-01-16 09:00:00,2024-01-17 02:00:00,1.0
2024-01-16 09:00:00,2024-01-16 09:00:00,7.82516,7.82746,7.82438,7.82745,1496.0,0.0003118206877690266,7.815267708333333,7.827615958094466,7.8029194585722,0.001701873430074564,0.9997074398431163,0.9997061626632394,0.0027462018665298515,0.0024349676905966364,60.40656763096129,135301.43363736142,7.829142115553825,7.8257578844461735,2024-01-18 09:00:00,,2024-01-16 14:00:00,-1.0
2024-01-16 14:00:00,2024-01-16 14:00:00,7.82538,7.82688,7.82522,7.82606,887.0,-0.00017758018256264219,7.815511458333334,7.82824248659793,7.802780430068737,0.001496123784710086,0.9999131108118261,0.9998083527535876,0.0027977607912328395,0.002507526310723877,58.98341523341527,135876.22335796428,7.827768851652885,7.824351148347114,2024-01-18 14:00:00,,2024-01-17 02:00:00,-1.0
2024-01-16 19:00:00,2024-01-16 19:00:00,7.82466,7.826,7.82439,7.82574,621.0,-4.0889029728874426e-05,7.815828125,7.828807727758412,7.802848522241589,0.0019441970581078984,0.9998619938817288,0.9998287758752875,0.002780745580771793,0.0025621701647334603,62.333657903277974,136625.1556450521,7.827342769580257,7.824137230419742,2024-01-18 19:00:00,,2024-01-17 02:00:00,-1.0
2024-01-16 23:00:00,2024-01-16 23:00:00,7.82514,7.82538,7.8244,7.82448,618.0,-0.0001610071379830602,7.816166875,7.829184005550401,7.8031497444496,0.0020802556005951873,1.0000843506533341,0.9999693305628609,0.002635212346583593,0.0025767786011034874,63.42470277410794,137552.1167682255,7.826052265618145,7.822907734381856,2024-01-18 23:00:00,,2024-01-17 02:00:00,-1.0
2024-01-17 02:00:00,2024-01-17 02:00:00,7.82336,7.82384,7.82261,7.82266,2346.0,-0.00023260331676999702,7.816483125,7.8293750985255395,7.803591151474461,0.0019424016384689484,1.000089483628331,0.9999386490521279,0.0023459744867881938,0.002530617778240429,62.31343283582058,138641.21777245696,7.824255200882994,7.821064799117005,2024-01-19 02:00:00,2024-01-17 05:00:00,2024-01-17 12:00:00,1.0
2024-01-17 05:00:00,2024-01-17 05:00:00,7.82394,7.82437,7.8239,7.82434,194.0,0.0002147607079945324,7.816854374999999,7.829599790466972,7.804108959533027,0.0022801058573028786,0.9999488774772057,0.9999450434987098,0.0022266459700057695,0.0024698234165934974,64.28800513149446,139877.778415689,7.82593606586224,7.822743934137761,2024-01-19 05:00:00,,2024-01-17 09:00:00,-1.0
2024-01-17 09:00:00,2024-01-17 09:00:00,7.82448,7.8248,7.82256,7.82376,963.0,-7.412765805170363e-05,7.817154791666667,7.829856360669829,7.804453222663505,0.0018448041769878686,1.0000920273628027,0.9999591043860546,0.0020615122777121186,0.002388161188817222,61.99268130405838,141247.91225460471,7.825319809690519,7.82220019030948,2024-01-19 09:00:00,,2024-01-17 12:00:00,-1.0
2024-01-17 12:00:00,2024-01-17 12:00:00,7.82092,7.82165,7.8205,7.82051,1514.0,-0.00041540129042816343,7.81742375,7.829842393928445,7.805005106071555,0.001652151531643812,1.000052426248416,0.9999066693089054,0.001649381752094392,0.0022404053014726563,60.47379522959531,142738.46190701282,7.822125301802167,7.818894698197831,2024-01-19 12:00:00,2024-01-18 19:00:00,2024-01-17 19:00:00,1.0
2024-01-17 15:00:00,2024-01-17 15:00:00,7.8207,7.82114,7.8199,7.8211,1066.0,7.544265015968499e-05,7.817703125,7.829827092580535,7.805579157419466,0.0017160641727094824,0.9999488562989861,0.9999437422166079,0.0013547566194640481,0.0020632755650709348,60.79188797682251,144337.35000969554,7.822715855016808,7.819484144983193,2024-01-19 15:00:00,2024-01-18 19:00:00,2024-01-17 19:00:00,1.0
2024-01-17 19:00:00,2024-01-17 19:00:00,7.81952,7.82127,7.81774,7.82059,1399.0,-6.520821879274497e-05,7.817973124999999,7.8297530445577666,7.806193205442232,0.001658538588631436,0.9998631816781086,0.9997762511714849,0.0010678023802865866,0.0018641809281140652,60.35474592521562,145968.79278816073,7.822209064334774,7.818970935665227,2024-01-19 19:00:00,2024-01-18 19:00:00,2024-01-17 23:00:00,1.0
2024-01-17 23:00:00,2024-01-17 23:00:00,7.8194,7.81946,7.81894,7.81894,304.0,-0.00021098152441190177,7.818145416666667,7.829729267463834,7.8065615658695,0.0010582478733365014,1.0000588315040146,0.9999923268358684,0.0006991880632067904,0.0016311823551326103,56.757640137276596,147627.38443408386,7.820529086648946,7.817350913351054,2024-01-19 23:00:00,2024-01-18 02:00:00,2024-01-21 19:00:00,1.0
2024-01-18 02:00:00,2024-01-18 02:00:00,7.81968,7.82068,7.81932,7.82063,1158.0,0.00021614182996687603,7.8183614583333325,7.82972932569417,7.806993590972495,0.0013268600215874842,0.9998785264102763,0.9998721338809412,0.0005372345320111549,0.0014123927905083193,58.29998399231568,149308.2774051344,7.822231908771472,7.819028091228528,2024-01-20 02:00:00,2024-01-18 19:00:00,2024-01-19 02:00:00,1.0
2024-01-18 07:00:00,2024-01-18 07:00:00,7.82158,7.82191,7.82115,7.82176,377.0,0.00014448963830271389,7.81861875,7.829714763180909,7.807522736819091,0.0015801763488959254,0.9999769872765208,0.9999578108160283,0.0004943679815658797,0.0012287878287198313,59.840637450199026,151006.9459414683,7.8233595709351915,7.820160429064808,2024-01-20 07:00:00,2024-01-23 04:00:00,2024-01-18 19:00:00,-1.0
2024-01-18 13:00:00,2024-01-18 13:00:00,7.82098,7.82108,7.82046,7.82059,366.0,-0.00014958270261422602,7.8188152083333335,7.829703726580101,7.807926690086566,0.0012065189302450177,1.0000498683603154,0.9999872140420504,0.00036181592088446735,0.0010553934471527586,57.584043751004906,152719.0786800369,7.822186835359553,7.818993164640447,2024-01-20 13:00:00,2024-01-18 19:00:00,2024-01-19 02:00:00,1.0
2024-01-18 19:00:00,2024-01-18 19:00:00,7.82002,7.82292,7.81994,7.82105,1008.0,5.8819091654171984e-05,7.819043125,7.8296413915433405,7.80844485845666,0.0013997683839554855,0.9998683041279625,0.9996292944322581,0.0002905364896275131,0.0009024220556477095,58.882754140954226,154440.7701471215,7.82263666404301,7.819463335956988,2024-01-20 19:00:00,2024-01-23 01:00:00,2024-01-19 02:00:00,-1.0
2024-01-18 23:00:00,2024-01-18 23:00:00,7.8212,7.82126,7.82103,7.8211,567.0,6.393003497029426e-06,7.819273125,7.829549283033839,7.80899696696616,0.0014125633459972802,1.0000127859252534,0.9999923286017854,0.00023536842822036164,0.00076901133016224,58.963949334199185,156162.318507232,7.8226863664368045,7.819513633563196,2024-01-20 23:00:00,2024-01-23 01:00:00,2024-01-19 02:00:00,-1.0
2024-01-19 02:00:00,2024-01-19 02:00:00,7.82045,7.82055,7.8189,7.8194,970.0,-0.0002173607293092239,7.819497916666666,7.829281452953193,7.809714380380139,0.0013808542116998156,1.0001342814026652,0.999987213175544,5.3850791183585045e-05,0.000625979222366509,58.72553776483856,157880.78132908663,7.820992007533244,7.817807992466756,2024-01-21 02:00:00,2024-01-23 01:00:00,2024-01-21 19:00:00,0.0
2024-01-19 07:00:00,2024-01-19 07:00:00,7.81942,7.81944,7.81906,7.81922,353.0,-2.3019669028401246e-05,7.819720208333334,7.828957183512541,7.810483233154127,0.0013655181331662248,1.0000255779988285,0.9999974422720809,-0.00010333654029803796,0.0004801160698335997,58.611783696528214,159593.53335399152,7.820812521930126,7.817627478069873,2024-01-21 07:00:00,2024-01-23 01:00:00,2024-01-21 19:00:00,0.0
2024-01-19 14:00:00,2024-01-19 14:00:00,7.81794,7.81814,7.81785,7.81794,152.0,-0.00016369919250247555,7.819954166666666,7.828378075733835,7.811530257599498,0.001437472446901213,1.0,0.9999744184678198,-0.0003274196456999334,0.00031860892672689304,59.14644078840169,161298.1132380897,7.819518755740399,7.816361244259601,2024-01-21 14:00:00,2024-01-23 01:00:00,2024-01-21 19:00:00,0.0
2024-01-21 19:00:00,2024-01-21 19:00:00,7.81842,7.81874,7.81584,7.81694,1485.0,-0.0001279109330590833,7.820168750000001,7.827682789766818,7.812654710233183,0.0013185200181018773,1.0001893323986113,0.9999590726894614,-0.0005790241340273283,0.00013908231457604876,58.263799743260016,162992.2842131085,7.818528044048808,7.815351955951193,2024-01-23 19:00:00,2024-01-22 10:00:00,,1.0
2024-01-21 23:00:00,2024-01-21 23:00:00,7.81635,7.8175,7.81614,7.8163,474.0,-8.18734696697021e-05,7.820364583333333,7.826891000953334,7.8138381657133325,0.0012033387698149232,1.0000063968885533,0.9998528941477455,-0.0008206057230690789,-5.285529295297677e-05,57.49601275917042,164674.02389291118,7.817892675350238,7.814707324649762,2024-01-23 23:00:00,2024-01-22 02:00:00,,1.0
2024-01-22 02:00:00,2024-01-22 02:00:00,7.81744,7.81823,7.81731,7.81792,838.0,0.00020725918913044872,7.820519583333333,7.826409342145505,7.814629824521161,0.0009521128921760435,0.9999386025950637,0.9998989541110969,-0.000871296646415054,-0.00021654356364539222,56.124464932498725,166341.6064189382,7.819447990967241,7.816392009032759,2024-01-24 02:00:00,2024-01-23 01:00:00,2024-01-25 06:00:00,1.0
2024-01-22 06:00:00,2024-01-22 06:00:00,7.81819,7.81821,7.81697,7.817,850.0,-0.000117678359461304,7.820587083333334,7.826229442819195,7.814944723847472,0.0004145671798944295,1.0001522323141872,0.9999974418696864,-0.0009744727641765039,-0.0003681294037516146,52.77492291880758,167993.33929983986,7.818463848910054,7.815536151089947,2024-01-24 06:00:00,2024-01-22 10:00:00,2024-01-25 08:00:00,1.0
2024-01-22 10:00:00,2024-01-22 10:00:00,7.8179,7.81854,7.81776,7.81802,458.0,0.00013048484073174826,7.820651666666667,7.8260965507904,7.815206782542933,0.00039659846972270037,0.9999846508450989,0.9999181432850635,-0.0009628361297826515,-0.000487070748957822,52.661401098900846,169627.78973124467,7.819481947185929,7.81655805281407,2024-01-24 10:00:00,2024-01-23 01:00:00,2024-01-25 06:00:00,1.0
2024-01-22 17:00:00,2024-01-22 17:00:00,7.81734,7.81766,7.81695,7.81742,242.0,-7.674577450544895e-05,7.820669583333334,7.826064900386076,7.815274266280593,0.00011001677127235153,0.9999897664446837,0.9999590670354044,-0.0009906098648899686,-0.0005877785721442514,50.75174825174849,171243.58649337135,7.8188661340159,7.815973865984101,2024-01-24 17:00:00,2024-01-22 20:00:00,2024-01-25 06:00:00,1.0
2024-01-22 20:00:00,2024-01-22 20:00:00,7.81848,7.8193,7.81825,7.81888,734.0,0.00018676238452064453,7.820676041666666,7.826061825537944,7.815290257795389,3.9648408153583255e-05,0.9999488417778506,0.9998951312777359,-0.0008846136759865786,-0.0006471455929127169,50.2736098852602,172839.6030919049,7.8203123871129785,7.817447612887021,2024-01-24 20:00:00,2024-01-23 01:00:00,2024-01-24 14:00:00,1.0
2024-01-22 23:00:00,2024-01-22 23:00:00,7.81804,7.81888,7.8179,7.81854,1003.0,-4.3484488827072454e-05,7.8206597916666665,7.8260669539610985,7.815252629372234,-9.975789534471845e-05,0.9999360494414559,0.9998925677334861,-0.0008186096684301702,-0.0006814384080162075,49.30654338549019,174414.74519652242,7.81996892430022,7.817111075699779,2024-01-24 23:00:00,2024-01-23 01:00:00,2024-01-24 23:00:00,1.0
2024-01-23 01:00:00,2024-01-23 01:00:00,7.82175,7.82313,7.8212,7.82269,1071.0,0.0005307896359167952,7.820694791666667,7.826132874854627,7.815256708478707,0.0002147829485937103,0.9998798367313546,0.999823600016873,-0.00042651411073268974,-0.000630453548559504,51.43100511073202,175968.2674364269,7.8242226452380725,7.821157354761926,2024-01-25 01:00:00,,2024-01-23 22:00:00,-1.0
2024-01-23 04:00:00,2024-01-23 04:00:00,7.82304,7.82356,7.82275,7.82318,755.0,6.263829961317136e-05,7.8207531249999995,7.826237288903798,7.815268961096201,0.00035797478705621984,0.9999821044639137,0.9999335340944532,-7.536785771389276e-05,-0.0005194364103903818,52.39071038251329,177499.33529225332,7.824710922458574,7.8216490775414265,2024-01-25 04:00:00,,2024-01-23 09:00:00,-1.0
2024-01-23 09:00:00,2024-01-23 09:00:00,7.8225,7.8225,7.82151,7.8216,1169.0,-0.00020196390726012758,7.8207989583333335,7.826273689827151,7.8153242268395156,0.00028131193843219026,1.0001150659711568,1.0,7.456573491104734e-05,-0.000400635981330096,51.85936443542945,179007.11388485477,7.823141675249867,7.820058324750134,2024-01-25 09:00:00,2024-01-23 19:00:00,2024-01-24 03:00:00,1.0
2024-01-23 14:00:00,2024-01-23 14:00:00,7.82191,7.82253,7.82184,7.82204,712.0,5.625447478774248e-05,7.820881875,7.826307482770672,7.815456267229329,0.0005089481634915134,0.9999833802946545,0.9999207417549053,0.00022628503699717584,-0.0002752517776646417,53.415722622725845,180490.97587458199,7.823569061749277,7.820510938250725,2024-01-25 11:00:00,2024-01-23 19:00:00,2024-01-24 01:00:00,1.0
2024-01-23 19:00:00,2024-01-23 19:00:00,7.82192,7.8238,7.82144,7.82282,1076.0,9.971823207233221e-05,7.821011875,7.826314032981015,7.815709717018985,0.0007979846197584248,0.9998849519738406,0.9997597075589867,0.0004047969114289174,-0.00013924203984592987,55.420430854760056,181950.40109702322,7.8243347679362865,7.821305232063715,2024-01-25 11:00:00,,2024-01-23 22:00:00,-1.0
2024-01-23 22:00:00,2024-01-23 22:00:00,7.82134,7.82186,7.82066,7.82184,711.0,-0.00012527451737354145,7.821099791666666,7.826311368778562,7.81588821455477,0.000539660589613355,0.9999360764219161,0.9999335196487792,0.00046186693371730314,-1.9020245133283264e-05,53.669565217391224,183384.86284270344,7.823356811015783,7.820323188984217,2024-01-25 11:00:00,,2024-01-24 01:00:00,-1.0
2024-01-24 01:00:00,2024-01-24 01:00:00,7.82226,7.82274,7.82026,7.8206,1403.0,-0.0001585304736481108,7.8211418749999995,7.826302707286942,7.815981042713057,0.0002583255658204213,1.0002122599289058,0.999938640425222,0.0004023990943853306,6.526362277043952e-05,51.748009691934755,184793.90498397796,7.822122881203147,7.8190771187968515,2024-01-25 11:00:00,,2024-01-24 03:00:00,-1.0
2024-01-24 03:00:00,2024-01-24 03:00:00,7.82036,7.82058,7.81868,7.81874,995.0,-0.00023783341431604654,7.821138958333333,7.8263051680878135,7.815972748578853,-1.7905538055559422e-05,1.0002071945096014,0.9999718690941082,0.00020284566933082004,9.278003208251564e-05,49.88203572632286,186177.1189164883,7.820286459068579,7.81719354093142,2024-01-25 11:00:00,,2024-01-24 23:00:00,-1.0
2024-01-24 08:00:00,2024-01-24 08:00:00,7.81807,7.81948,7.818,7.81912,655.0,4.860118126437385e-05,7.821155208333333,7.826290265961472,7.816020150705194,9.976044711189289e-05,0.9998657137887639,0.9998196811041142,7.450215204496402e-05,8.912445607500531e-05,50.659006421087994,187534.28482389078,7.820665434970134,7.817574565029866,2024-01-25 11:00:00,,2024-01-24 14:00:00,-1.0
2024-01-24 12:00:00,2024-01-24 12:00:00,7.81852,7.81911,7.81834,7.81869,289.0,-5.4993400791847336e-05,7.821111666666667,7.826294938176672,7.815928395156662,-0.0002672724858887414,0.9999782572272338,0.9999245438419462,-6.120290739008993e-05,5.9058983381986264e-05,48.172118243834305,188865.2029710662,7.820194562412935,7.8171854375870655,2024-01-25 11:00:00,,2024-01-24 23:00:00,-1.0
2024-01-24 14:00:00,2024-01-24 14:00:00,7.81802,7.81834,7.81733,7.81829,2214.0,-5.115946533240656e-05,7.821038541666666,7.826280844213566,7.8157962391197655,-0.0004488465295183637,0.9999654655941388,0.9999590705955483,-0.00019873589803065528,7.500007099457957e-06,46.89655172413854,190169.7348376175,7.819787078347028,7.816792921652973,2024-01-25 11:00:00,,2024-01-25 06:00:00,-1.0
2024-01-24 19:00:00,2024-01-24 19:00:00,7.81858,7.81947,7.81819,7.81868,1072.0,4.988303068831357e-05,7.820972083333333,7.826252071983148,7.815692094683519,-0.0004079140495996848,0.9999872101173088,0.9998861815442734,-0.0002731137579576881,-4.862274591197126e-05,47.19535783365577,191447.8368213542,7.820178515232632,7.817181484767367,2024-01-25 11:00:00,,2024-01-24 23:00:00,-1.0
2024-01-24 23:00:00,2024-01-24 23:00:00,7.81834,7.81846,7.81709,7.81731,529.0,-0.00017522139286929583,7.820931458333334,7.826294612358683,7.815568304307985,-0.00024941531424198666,1.0001317588786935,0.9999846517089043,-0.00043756235182712544,-0.0001264106670950021,48.24734855293921,192699.42398639937,7.818773805293764,7.815846194706236,2024-01-25 11:00:00,,2024-01-25 06:00:00,-1.0
2024-01-25 02:00:00,2024-01-25 02:00:00,7.81764,7.81818,7.817315,7.8175,656.0,2.4305035875471503e-05,7.820885208333333,7.826328727204005,7.815441689462662,-0.0002839379397252514,1.0000179085385354,0.9999309302164954,-0.0005462606820456628,-0.00021038067008513427,47.99494219653154,193924.54111693945,7.818962395586543,7.816037604413458,2024-01-25 11:00:00,,2024-01-25 06:00:00,-1.0
2024-01-25 06:00:00,2024-01-25 06:00:00,7.81694,7.81698,7.8157,7.81602,699.0,-0.00018931883594497378,7.820778125,7.826398900529544,7.815157349470457,-0.0006574075613529722,1.0001177069659495,0.9999948829343301,-0.0007432606765807037,-0.0003169566713842482,45.3610108303251,195123.18920596212,7.817479724997537,7.814560275002462,2024-01-25 11:00:00,2024-01-25 08:00:00,,1.0
2024-01-25 08:00:00,2024-01-25 08:00:00,7.81753,7.81756,7.815455,7.81638,1034.0,4.605924754530477e-05,7.8206397916666655,7.826361107524242,7.814918475809089,-0.0008491374859613886,1.000147126930881,0.9999961624854813,-0.0008604172457857828,-0.00042564878626455513,43.84044526901687,196295.5061543332,7.817812626024586,7.814947373975413,2024-01-25 11:00:00,2024-01-25 11:00:00,,0.0
2024-01-25 11:00:00,2024-01-25 11:00:00,7.81792,7.81818,7.81711,7.81754,267.0,0.00014840629549750517,7.820518541666666,7.826251029136252,7.81478605419708,-0.0007442027336803991,1.0000486086415932,0.9999667441783127,-0.0008498656433593155,-0.0005104921576835073,44.68201754385984,197441.703089613,7.8189835144140565,7.816096485585945,2024-01-25 11:00:00,,,0.0
